USE QUANLYQUANPHUCLONG
;

INSERT NHANVIEN (MANV, HOTEN, NGAYSINH, GIOITINH, LUONG, SDT, CMND, DIACHI, NGAYVAOLAM, DANGHI) VALUES (1, N'NHAN', CAST(N'2003-03-21' AS Date), 0, 1000000, N'0121275555', N'45460540654', N'11 NGUYỄN ĐÌNH CHIỂU', CAST(N'0011-07-13' AS Date), 0)
;
INSERT NHANVIEN (MANV, HOTEN, NGAYSINH, GIOITINH, LUONG, SDT, CMND, DIACHI, NGAYVAOLAM, DANGHI) VALUES (2, N'NGUYỄN LUNG LINH', CAST(N'2001-05-29' AS Date), 1, 160000, N'0308156570', N'7084065406440', N'244 Lê Văn Việt', CAST(N'0013-06-07' AS Date), 1)
;
INSERT NHANVIEN (MANV, HOTEN, NGAYSINH, GIOITINH, LUONG, SDT, CMND, DIACHI, NGAYVAOLAM, DANGHI) VALUES (3, N'NGUYỄN TRẦN ĐỨC THUẬN', CAST(N'0007-07-25' AS Date), 1, 60000, N'030815654 ', N'7084065406440', N'55 NGUYỄN VĂN THỦ', CAST(N'0007-07-13' AS Date), 1)
;
INSERT NHANVIEN (MANV, HOTEN, NGAYSINH, GIOITINH, LUONG, SDT, CMND, DIACHI, NGAYVAOLAM, DANGHI) VALUES (4, N'ĐINH NHO NAM', CAST(N'0025-07-07' AS Date), 1, 60000, N'03453454  ', N'70840634440', N'55 NGUYỄN VĂN THỦ', CAST(N'0011-09-09' AS Date), 0)
;
INSERT NHANVIEN (MANV, HOTEN, NGAYSINH, GIOITINH, LUONG, SDT, CMND, DIACHI, NGAYVAOLAM, DANGHI) VALUES (5, N'TRẦN VỚ VẨN', CAST(N'1977-06-03' AS Date), 1, 80000, N'0308156543', N'7084065240', N'97 MAN THIỆN', CAST(N'2022-01-01' AS Date), 0)
;
INSERT NHANVIEN (MANV, HOTEN, NGAYSINH, GIOITINH, LUONG, SDT, CMND, DIACHI, NGAYVAOLAM, DANGHI) VALUES (6, N'HUỲNH NGỌC DƯƠNG', CAST(N'2001-01-01' AS Date), 1, 60000, N'23415654  ', N'7084065406440', N'55 NGUYỄN VĂN THỦ', CAST(N'2021-06-06' AS Date), 0)
;
INSERT NHANVIEN (MANV, HOTEN, NGAYSINH, GIOITINH, LUONG, SDT, CMND, DIACHI, NGAYVAOLAM, DANGHI) VALUES (7, N'NGUYỄN Long Lanh', CAST(N'2022-04-21' AS Date), 0, 999999, N'123123', N'34', N'33 ert', CAST(N'2022-04-21' AS Date), 0)
;
INSERT NHANVIEN (MANV, HOTEN, NGAYSINH, GIOITINH, LUONG, SDT, CMND, DIACHI, NGAYVAOLAM, DANGHI) VALUES (8, N'NGUYỄN LUNG LINh', CAST(N'2022-04-21' AS Date), 1, 123, N'123', N'34', N'33 ert', CAST(N'2022-04-21' AS Date), 0)
;
INSERT NHANVIEN (MANV, HOTEN, NGAYSINH, GIOITINH, LUONG, SDT, CMND, DIACHI, NGAYVAOLAM, DANGHI) VALUES (9, N'NGUYỄN LUNG LINh', CAST(N'2022-04-21' AS Date), 1, 123, N'123', N'34', N'33 ert', CAST(N'2022-04-21' AS Date), 0)
;
INSERT NHANVIEN (MANV, HOTEN, NGAYSINH, GIOITINH, LUONG, SDT, CMND, DIACHI, NGAYVAOLAM, DANGHI) VALUES (13, N'Mộng Mơ', CAST(N'2022-05-01' AS Date), 0, 123000, N'0308156570', N'13123123123', N'244 LÊ VĂN VIỆT 2', CAST(N'2022-05-05' AS Date), 0)
;
INSERT NHANVIEN (MANV, HOTEN, NGAYSINH, GIOITINH, LUONG, SDT, CMND, DIACHI, NGAYVAOLAM, DANGHI) VALUES (16, N'Đức Thuận', CAST(N'2001-02-11' AS Date), 0, 123010, N'0308152234', N'7084065406443', N'2323 nguyễn trường tộ', CAST(N'2022-05-12' AS Date), 0)
;
INSERT NHANVIEN (MANV, HOTEN, NGAYSINH, GIOITINH, LUONG, SDT, CMND, DIACHI, NGAYVAOLAM, DANGHI) VALUES (17, N'thuan', CAST(N'2002-01-01' AS Date), 1, 1230002, N'0932323234', N'3489787874654', N'23 nguyện ty', CAST(N'2022-05-06' AS Date), 0)
;
INSERT NHANVIEN (MANV, HOTEN, NGAYSINH, GIOITINH, LUONG, SDT, CMND, DIACHI, NGAYVAOLAM, DANGHI) VALUES (18, N'thuan 3', CAST(N'2001-01-16' AS Date), 1, 2342000, N'3434343412', N'70840654064', N'33 ert', CAST(N'2022-05-05' AS Date), 1)
;
INSERT NHANVIEN (MANV, HOTEN, NGAYSINH, GIOITINH, LUONG, SDT, CMND, DIACHI, NGAYVAOLAM, DANGHI) VALUES (19, N'NGUYỄN Lóng Lánh long lanh', CAST(N'2002-02-21' AS Date), 0, 1230000, N'0308156570', N'708406540', N'2323 nguyễn trường tộ', CAST(N'2022-05-04' AS Date), 1)
;

INSERT LOAIBAN (ID, TENLOAI, GIADAT) VALUES (1, N'THƯỜNG', 10000)
;
INSERT LOAIBAN (ID, TENLOAI, GIADAT) VALUES (2, N'ĐÔI', 20000)
;
INSERT LOAIBAN (ID, TENLOAI, GIADAT) VALUES (3, N'LỚN', 50000)
;
INSERT LOAIBAN (ID, TENLOAI, GIADAT) VALUES (4, N'KHÔNG HÚT THUỐC', 20000)
;
INSERT LOAIBAN (ID, TENLOAI, GIADAT) VALUES (5, N'VIP', 100000)
;
INSERT LOAIBAN (ID, TENLOAI, GIADAT) VALUES (6, N'SIÊU LỚN', 100000)
;

INSERT BAN (ID, SOGHE, LOAI, TINHTRANG) VALUES (1, 3, 2, 3)
;
INSERT BAN (ID, SOGHE, LOAI, TINHTRANG) VALUES (2, 5, 3, 0)
;
INSERT BAN (ID, SOGHE, LOAI, TINHTRANG) VALUES (3, 1, 1, 0)
;
INSERT BAN (ID, SOGHE, LOAI, TINHTRANG) VALUES (4, 1, 4, 0)
;
INSERT BAN (ID, SOGHE, LOAI, TINHTRANG) VALUES (7, 2, 3, 0)
;
INSERT BAN (ID, SOGHE, LOAI, TINHTRANG) VALUES (8, 10, 3, 0)
;
INSERT BAN (ID, SOGHE, LOAI, TINHTRANG) VALUES (9, 10, 3, 0)
;
INSERT BAN (ID, SOGHE, LOAI, TINHTRANG) VALUES (10, 20, 5, 0)
;
INSERT BAN (ID, SOGHE, LOAI, TINHTRANG) VALUES (11, 10, 5, 0)
;
INSERT BAN (ID, SOGHE, LOAI, TINHTRANG) VALUES (12, 3, 3, 0)
;

INSERT DATBAN (ID, HOTEN, SDT, TIENCOC, NGAYDAT, TGDUKIEN, NVTHUCHIEN, TRANGTHAI, BAN) VALUES (1, N'LE VAN GIAU', N'0999999994', 2000, CAST(N'2021-12-23' AS Date), CAST(N'2022-01-01 09:00:00.000' AS DateTime), 1, 1, 1)
;
INSERT DATBAN (ID, HOTEN, SDT, TIENCOC, NGAYDAT, TGDUKIEN, NVTHUCHIEN, TRANGTHAI, BAN) VALUES (2, N'NHO LAI', N'3453453454', 345555, CAST(N'2021-02-02' AS Date), CAST(N'2022-01-02 00:00:00.000' AS DateTime), 2, 1, 1)
;
INSERT DATBAN (ID, HOTEN, SDT, TIENCOC, NGAYDAT, TGDUKIEN, NVTHUCHIEN, TRANGTHAI, BAN) VALUES (22, N'thuan', N'0308156570', 100000, CAST(N'2022-05-08' AS Date), CAST(N'2022-05-09 10:37:00.000' AS DateTime), 5, 1, 2)
;
INSERT DATBAN (ID, HOTEN, SDT, TIENCOC, NGAYDAT, TGDUKIEN, NVTHUCHIEN, TRANGTHAI, BAN) VALUES (24, N'thuan', N'0454545454', 50000, CAST(N'2022-05-10' AS Date), CAST(N'2022-05-11 23:04:00.000' AS DateTime), 2, 1, 2)
;
INSERT DATBAN (ID, HOTEN, SDT, TIENCOC, NGAYDAT, TGDUKIEN, NVTHUCHIEN, TRANGTHAI, BAN) VALUES (25, N'duong', N'0308156577', 500000, CAST(N'2022-05-10' AS Date), CAST(N'2022-05-12 23:13:00.000' AS DateTime), 2, 1, 3)
;
INSERT DATBAN (ID, HOTEN, SDT, TIENCOC, NGAYDAT, TGDUKIEN, NVTHUCHIEN, TRANGTHAI, BAN) VALUES (26, N'NGUYỄN Long Lanh', N'0308156570', 40000, CAST(N'2022-05-10' AS Date), CAST(N'2022-05-11 23:16:00.000' AS DateTime), 3, 1, 4)
;
INSERT DATBAN (ID, HOTEN, SDT, TIENCOC, NGAYDAT, TGDUKIEN, NVTHUCHIEN, TRANGTHAI, BAN) VALUES (27, N'thuan', N'0308156570', 300000, CAST(N'2022-05-11' AS Date), CAST(N'2022-05-13 21:33:00.000' AS DateTime), 2, 1, 1)
;
INSERT DATBAN (ID, HOTEN, SDT, TIENCOC, NGAYDAT, TGDUKIEN, NVTHUCHIEN, TRANGTHAI, BAN) VALUES (28, N'NGUYỄN Long Lanh', N'0308156570', 30000, CAST(N'2022-05-11' AS Date), CAST(N'2022-05-12 21:34:00.000' AS DateTime), 2, 1, 9)
;
INSERT DATBAN (ID, HOTEN, SDT, TIENCOC, NGAYDAT, TGDUKIEN, NVTHUCHIEN, TRANGTHAI, BAN) VALUES (29, N'Mộng Mơ', N'0308156570', 100000, CAST(N'2022-05-12' AS Date), CAST(N'2022-05-14 20:22:00.000' AS DateTime), 2, 1, 8)
;
INSERT DATBAN (ID, HOTEN, SDT, TIENCOC, NGAYDAT, TGDUKIEN, NVTHUCHIEN, TRANGTHAI, BAN) VALUES (30, N'Mộng Mơ', N'0308156570', 400000, CAST(N'2022-05-12' AS Date), CAST(N'2022-05-13 20:17:00.000' AS DateTime), 2, 1, 7)
;
INSERT DATBAN (ID, HOTEN, SDT, TIENCOC, NGAYDAT, TGDUKIEN, NVTHUCHIEN, TRANGTHAI, BAN) VALUES (34, N'Mộng Mơ', N'0308156570', 20000, CAST(N'2022-05-12' AS Date), CAST(N'2022-05-12 20:34:00.000' AS DateTime), 2, 1, 10)
;
INSERT DATBAN (ID, HOTEN, SDT, TIENCOC, NGAYDAT, TGDUKIEN, NVTHUCHIEN, TRANGTHAI, BAN) VALUES (35, N'Mộng Mơ', N'0308156570', 60000, CAST(N'2022-05-12' AS Date), CAST(N'2022-05-12 22:36:00.000' AS DateTime), 2, 1, 10)
;
INSERT DATBAN (ID, HOTEN, SDT, TIENCOC, NGAYDAT, TGDUKIEN, NVTHUCHIEN, TRANGTHAI, BAN) VALUES (36, N'thuan', N'0308156570', 30000, CAST(N'2022-05-13' AS Date), CAST(N'2022-05-15 17:29:00.000' AS DateTime), 5, 1, 11)
;
INSERT DATBAN (ID, HOTEN, SDT, TIENCOC, NGAYDAT, TGDUKIEN, NVTHUCHIEN, TRANGTHAI, BAN) VALUES (37, N'thuan', N'0308156570', 30000, CAST(N'2022-05-16' AS Date), CAST(N'2022-05-17 22:02:00.000' AS DateTime), 5, 1, 1)
;
INSERT DATBAN (ID, HOTEN, SDT, TIENCOC, NGAYDAT, TGDUKIEN, NVTHUCHIEN, TRANGTHAI, BAN) VALUES (38, N'NGUYỄN Long Lanh', N'3434343435', 4000000, CAST(N'2022-05-16' AS Date), CAST(N'2022-05-17 22:02:00.000' AS DateTime), 5, 1, 1)
;
INSERT DATBAN (ID, HOTEN, SDT, TIENCOC, NGAYDAT, TGDUKIEN, NVTHUCHIEN, TRANGTHAI, BAN) VALUES (39, N'thuan', N'0308156570', 200000, CAST(N'2022-05-16' AS Date), CAST(N'2022-05-16 23:07:00.000' AS DateTime), 5, 1, 12)
;
INSERT DATBAN (ID, HOTEN, SDT, TIENCOC, NGAYDAT, TGDUKIEN, NVTHUCHIEN, TRANGTHAI, BAN) VALUES (40, N'NGUYỄN Long Lanh', N'0308156570', 30000000, CAST(N'2022-05-16' AS Date), CAST(N'2022-05-17 01:09:00.000' AS DateTime), 5, 1, 3)
;
INSERT DATBAN (ID, HOTEN, SDT, TIENCOC, NGAYDAT, TGDUKIEN, NVTHUCHIEN, TRANGTHAI, BAN) VALUES (41, N'thuan', N'0308156570', 30000, CAST(N'2022-05-20' AS Date), CAST(N'2022-05-20 22:02:00.000' AS DateTime), 5, 0, 1)
;
INSERT DATBAN (ID, HOTEN, SDT, TIENCOC, NGAYDAT, TGDUKIEN, NVTHUCHIEN, TRANGTHAI, BAN) VALUES (42, N'thuan', N'0308156570', 300000, CAST(N'2022-05-20' AS Date), CAST(N'2022-05-20 22:38:00.000' AS DateTime), 5, 0, 4)
;

INSERT CHUCVU (ID, TENCHUCVU) VALUES (1, N'ADMIN')
;
INSERT CHUCVU (ID, TENCHUCVU) VALUES (2, N'Nhan Vien Pha Che')
;
INSERT CHUCVU (ID, TENCHUCVU) VALUES (3, N'Nhan Vien Phuc Vu')
;
INSERT CHUCVU (ID, TENCHUCVU) VALUES (4, N'Nhan Vien IT')
;
INSERT CHUCVU (ID, TENCHUCVU) VALUES (5, N'Tap Vu')
;
INSERT CHUCVU (ID, TENCHUCVU) VALUES (6, N'Bao Ve')
;

INSERT USERTB (USERNAME, PASSWD, ID, ROLEID, STATUS, EMAIL, ICON) VALUES (N'admin', N'202cb962ac59075b964b07152d234b70', 1, 1, 1, N'n19dccn203@student.ptithcm.edu.vn', N'admin2022-05-13_083551.png')
;
INSERT USERTB (USERNAME, PASSWD, ID, ROLEID, STATUS, EMAIL, ICON) VALUES (N'anhdeptrai', N'202cb962ac59075b964b07152d234b70
', 17, 1, 1, N'asedf@hhh.com', N'anhdeptrai2022-05-16_200607.png')
;
INSERT USERTB (USERNAME, PASSWD, ID, ROLEID, STATUS, EMAIL, ICON) VALUES (N'chidepgai', N'202cb962ac59075b964b07152d234b70
', 18, 2, 1, N'asdfasdasd@ttttt.com', N'1')
;
INSERT USERTB (USERNAME, PASSWD, ID, ROLEID, STATUS, EMAIL, ICON) VALUES (N'nhanvien1', N'202cb962ac59075b964b07152d234b70
', 2, 2, 1, N'n19dccn113@student.ptithcm.edu.vn', N'nhanvien1ov_pc_mypage_CD00285_b.b6d9543cdb7deadb')
;
INSERT USERTB (USERNAME, PASSWD, ID, ROLEID, STATUS, EMAIL, ICON) VALUES (N'nhanvien2', N'202cb962ac59075b964b07152d234b70
', 3, 3, 1, N'n19dccn043@student.ptithcm.edu.vn', N'lo;_highland.png')
;
INSERT USERTB (USERNAME, PASSWD, ID, ROLEID, STATUS, EMAIL, ICON) VALUES (N'nhanvien22', N'202cb962ac59075b964b07152d234b70
', 2, 2, 1, N'meolonvameocon12@gmail.com', N'1')
;
INSERT USERTB (USERNAME, PASSWD, ID, ROLEID, STATUS, EMAIL, ICON) VALUES (N'nhanvien3', N'202cb962ac59075b964b07152d234b70
', 5, 2, 1, N'meolonvameocon@gmail.com', N'nhanvien32022-05-13_083928.png')
;

INSERT CHIPHI (ID, TENNL, SOLUONG, NGAYNHAP, GIAMOIDV, LOAI, DV, NHACUNGCAP, GHICHU, NVTAO) VALUES (1, N'BẢO TRÌ', 1, CAST(N'2022-05-07' AS Date), 500000, N'VT', N'CÁI', N'N;ISAOPHUONGNAM', N'qer', 1)
;
INSERT CHIPHI (ID, TENNL, SOLUONG, NGAYNHAP, GIAMOIDV, LOAI, DV, NHACUNGCAP, GHICHU, NVTAO) VALUES (2, N'CÀ PHÊ RANG', 10, CAST(N'2022-05-05' AS Date), 30000, N'NL', N'KG', NULL, NULL, 2)
;
INSERT CHIPHI (ID, TENNL, SOLUONG, NGAYNHAP, GIAMOIDV, LOAI, DV, NHACUNGCAP, GHICHU, NVTAO) VALUES (3, N'TÁCH SỨ', 5, CAST(N'2022-05-05' AS Date), 20000, N'VT', N'CÁI', NULL, NULL, 2)
;
INSERT CHIPHI (ID, TENNL, SOLUONG, NGAYNHAP, GIAMOIDV, LOAI, DV, NHACUNGCAP, GHICHU, NVTAO) VALUES (4, N'TÁCH SỨ', 3, CAST(N'2022-05-05' AS Date), 20000, N'VT', N'CÁI', NULL, N'NV LÀM VỠ', 3)
;
INSERT CHIPHI (ID, TENNL, SOLUONG, NGAYNHAP, GIAMOIDV, LOAI, DV, NHACUNGCAP, GHICHU, NVTAO) VALUES (6, N'trả lương Thuận', 1, CAST(N'2022-05-06' AS Date), 50000, N'NL', N'người', N'', N'', 1)
;
INSERT CHIPHI (ID, TENNL, SOLUONG, NGAYNHAP, GIAMOIDV, LOAI, DV, NHACUNGCAP, GHICHU, NVTAO) VALUES (7, N'trả lương Duong', 1, CAST(N'2022-05-05' AS Date), 50000, N'K', N'người', N'', N'', 1)
;
INSERT CHIPHI (ID, TENNL, SOLUONG, NGAYNHAP, GIAMOIDV, LOAI, DV, NHACUNGCAP, GHICHU, NVTAO) VALUES (8, N'trả lương Nam', 1, CAST(N'2022-05-05' AS Date), 50000, N'K', N'NGƯỜI', N'', N'', 1)
;
INSERT CHIPHI (ID, TENNL, SOLUONG, NGAYNHAP, GIAMOIDV, LOAI, DV, NHACUNGCAP, GHICHU, NVTAO) VALUES (9, N'Sữa Đặc Ngôi Sao', 10, CAST(N'2022-05-05' AS Date), 16000, N'NL', N'CÁI', N'N;ISAOPHUONGNAM', N'', 1)
;

INSERT HOADON (ID, NGAYTHUCHIEN, BAN, NVTHUCHIEN, TINHTRANG) VALUES (9, CAST(N'2022-04-24 01:20:12.993' AS DateTime), 2, 2, 1)
;
INSERT HOADON (ID, NGAYTHUCHIEN, BAN, NVTHUCHIEN, TINHTRANG) VALUES (10, CAST(N'2022-04-24 08:51:19.103' AS DateTime), 1, 2, 1)
;
INSERT HOADON (ID, NGAYTHUCHIEN, BAN, NVTHUCHIEN, TINHTRANG) VALUES (11, CAST(N'2022-04-24 08:57:56.830' AS DateTime), 1, 2, 1)
;
INSERT HOADON (ID, NGAYTHUCHIEN, BAN, NVTHUCHIEN, TINHTRANG) VALUES (12, CAST(N'2022-04-24 08:58:54.190' AS DateTime), 2, 2, 1)
;
INSERT HOADON (ID, NGAYTHUCHIEN, BAN, NVTHUCHIEN, TINHTRANG) VALUES (13, CAST(N'2022-04-25 09:36:08.970' AS DateTime), 1, 3, 1)
;
INSERT HOADON (ID, NGAYTHUCHIEN, BAN, NVTHUCHIEN, TINHTRANG) VALUES (14, CAST(N'2022-04-25 09:43:08.393' AS DateTime), 1, 3, 1)
;
INSERT HOADON (ID, NGAYTHUCHIEN, BAN, NVTHUCHIEN, TINHTRANG) VALUES (15, CAST(N'2022-05-01 20:40:29.647' AS DateTime), 3, 3, 1)
;
INSERT HOADON (ID, NGAYTHUCHIEN, BAN, NVTHUCHIEN, TINHTRANG) VALUES (16, CAST(N'2022-05-01 20:40:54.987' AS DateTime), 1, 3, 1)
;
INSERT HOADON (ID, NGAYTHUCHIEN, BAN, NVTHUCHIEN, TINHTRANG) VALUES (17, CAST(N'2022-05-05 08:22:54.093' AS DateTime), 2, 2, 1)
;
INSERT HOADON (ID, NGAYTHUCHIEN, BAN, NVTHUCHIEN, TINHTRANG) VALUES (18, CAST(N'2022-05-05 08:23:01.253' AS DateTime), 7, 2, 1)
;
INSERT HOADON (ID, NGAYTHUCHIEN, BAN, NVTHUCHIEN, TINHTRANG) VALUES (19, CAST(N'2022-05-05 08:23:06.570' AS DateTime), 8, 2, 1)
;
INSERT HOADON (ID, NGAYTHUCHIEN, BAN, NVTHUCHIEN, TINHTRANG) VALUES (20, CAST(N'2022-05-05 08:23:11.260' AS DateTime), 9, 2, 1)
;
INSERT HOADON (ID, NGAYTHUCHIEN, BAN, NVTHUCHIEN, TINHTRANG) VALUES (21, CAST(N'2022-05-05 08:23:15.777' AS DateTime), 10, 2, 1)
;
INSERT HOADON (ID, NGAYTHUCHIEN, BAN, NVTHUCHIEN, TINHTRANG) VALUES (22, CAST(N'2022-05-08 09:35:18.257' AS DateTime), 1, 5, 1)
;
INSERT HOADON (ID, NGAYTHUCHIEN, BAN, NVTHUCHIEN, TINHTRANG) VALUES (23, CAST(N'2022-05-08 10:59:19.810' AS DateTime), 1, 5, 1)
;
INSERT HOADON (ID, NGAYTHUCHIEN, BAN, NVTHUCHIEN, TINHTRANG) VALUES (24, CAST(N'2022-05-09 09:41:38.077' AS DateTime), 1, 2, 1)
;
INSERT HOADON (ID, NGAYTHUCHIEN, BAN, NVTHUCHIEN, TINHTRANG) VALUES (25, CAST(N'2022-05-09 09:42:29.943' AS DateTime), 1, 2, 1)
;
INSERT HOADON (ID, NGAYTHUCHIEN, BAN, NVTHUCHIEN, TINHTRANG) VALUES (26, CAST(N'2022-05-09 09:48:58.267' AS DateTime), 4, 2, 1)
;
INSERT HOADON (ID, NGAYTHUCHIEN, BAN, NVTHUCHIEN, TINHTRANG) VALUES (27, CAST(N'2022-05-09 09:49:16.477' AS DateTime), 4, 2, 1)
;
INSERT HOADON (ID, NGAYTHUCHIEN, BAN, NVTHUCHIEN, TINHTRANG) VALUES (28, CAST(N'2022-05-09 09:51:13.157' AS DateTime), 1, 2, 1)
;
INSERT HOADON (ID, NGAYTHUCHIEN, BAN, NVTHUCHIEN, TINHTRANG) VALUES (29, CAST(N'2022-05-09 09:53:04.397' AS DateTime), 8, 2, 1)
;
INSERT HOADON (ID, NGAYTHUCHIEN, BAN, NVTHUCHIEN, TINHTRANG) VALUES (30, CAST(N'2022-05-09 09:55:48.620' AS DateTime), 3, 2, 1)
;
INSERT HOADON (ID, NGAYTHUCHIEN, BAN, NVTHUCHIEN, TINHTRANG) VALUES (31, CAST(N'2022-05-09 09:55:57.820' AS DateTime), 3, 2, 1)
;
INSERT HOADON (ID, NGAYTHUCHIEN, BAN, NVTHUCHIEN, TINHTRANG) VALUES (32, CAST(N'2022-05-10 22:37:22.757' AS DateTime), 1, 2, 1)
;
INSERT HOADON (ID, NGAYTHUCHIEN, BAN, NVTHUCHIEN, TINHTRANG) VALUES (33, CAST(N'2022-05-10 23:16:57.770' AS DateTime), 4, 3, 1)
;
INSERT HOADON (ID, NGAYTHUCHIEN, BAN, NVTHUCHIEN, TINHTRANG) VALUES (34, CAST(N'2022-05-11 21:28:45.060' AS DateTime), 7, 2, 1)
;
INSERT HOADON (ID, NGAYTHUCHIEN, BAN, NVTHUCHIEN, TINHTRANG) VALUES (35, CAST(N'2022-05-11 21:29:00.843' AS DateTime), 10, 2, 1)
;
INSERT HOADON (ID, NGAYTHUCHIEN, BAN, NVTHUCHIEN, TINHTRANG) VALUES (36, CAST(N'2022-05-13 17:25:06.460' AS DateTime), 1, 5, 1)
;
INSERT HOADON (ID, NGAYTHUCHIEN, BAN, NVTHUCHIEN, TINHTRANG) VALUES (37, CAST(N'2022-05-14 13:51:31.060' AS DateTime), 1, 5, 1)
;
INSERT HOADON (ID, NGAYTHUCHIEN, BAN, NVTHUCHIEN, TINHTRANG) VALUES (38, CAST(N'2022-05-14 13:51:50.613' AS DateTime), 8, 5, 1)
;
INSERT HOADON (ID, NGAYTHUCHIEN, BAN, NVTHUCHIEN, TINHTRANG) VALUES (39, CAST(N'2022-05-14 13:51:59.197' AS DateTime), 2, 5, 1)
;
INSERT HOADON (ID, NGAYTHUCHIEN, BAN, NVTHUCHIEN, TINHTRANG) VALUES (40, CAST(N'2022-05-16 20:27:36.107' AS DateTime), 2, 5, 1)
;
INSERT HOADON (ID, NGAYTHUCHIEN, BAN, NVTHUCHIEN, TINHTRANG) VALUES (41, CAST(N'2022-05-16 22:09:14.703' AS DateTime), 12, 5, 1)
;
INSERT HOADON (ID, NGAYTHUCHIEN, BAN, NVTHUCHIEN, TINHTRANG) VALUES (42, CAST(N'2022-05-16 22:11:34.167' AS DateTime), 7, 5, 1)
;
INSERT HOADON (ID, NGAYTHUCHIEN, BAN, NVTHUCHIEN, TINHTRANG) VALUES (43, CAST(N'2022-05-20 20:04:11.670' AS DateTime), 8, 5, 1)
;
INSERT HOADON (ID, NGAYTHUCHIEN, BAN, NVTHUCHIEN, TINHTRANG) VALUES (44, CAST(N'2022-05-20 20:04:11.670' AS DateTime), 1, 4, 1)
;
INSERT HOADON (ID, NGAYTHUCHIEN, BAN, NVTHUCHIEN, TINHTRANG) VALUES (45, CAST(N'2022-06-20 00:00:00.000' AS DateTime), 2, 2, 1)
;

INSERT LOAITHUCUONG (ID, TENLOAI, DONVI) VALUES (N'B', N'BÁNH', N'CÁI')
;
INSERT LOAITHUCUONG (ID, TENLOAI, DONVI) VALUES (N'CFP', N'CÀ PHÊ PHIN', N'LY')
;
INSERT LOAITHUCUONG (ID, TENLOAI, DONVI) VALUES (N'DC', N'ĐANG CHỌN', N'ĐANG CHỌN')
;
INSERT LOAITHUCUONG (ID, TENLOAI, DONVI) VALUES (N'FZ', N'FREEZE', N'LY')
;
INSERT LOAITHUCUONG (ID, TENLOAI, DONVI) VALUES (N'GH', N'GIAO HÀNG TỪ XA', N'SP')
;
INSERT LOAITHUCUONG (ID, TENLOAI, DONVI) VALUES (N'K', N'KHÁC', N'SP')
;
INSERT LOAITHUCUONG (ID, TENLOAI, DONVI) VALUES (N'NN', N'NƯỚC NGỌT', N'CHAI/LON')
;
INSERT LOAITHUCUONG (ID, TENLOAI, DONVI) VALUES (N'T', N'TRÀ', N'LY')
;
INSERT THUCDON (ID, TEN, LOAI, GIA) VALUES (N'BB', N'bánh bao', N'B', 15000)
;
INSERT THUCDON (ID, TEN, LOAI, GIA) VALUES (N'BMT', N'BÁNH MÌ THỊT', N'B', 15000)
;
INSERT THUCDON (ID, TEN, LOAI, GIA) VALUES (N'BS', N'Bạc sỉu', N'CFP', 20000)
;
INSERT THUCDON (ID, TEN, LOAI, GIA) VALUES (N'CPD', N'Cà Phê Đen', N'CFP', 20000)
;
INSERT THUCDON (ID, TEN, LOAI, GIA) VALUES (N'CPS', N'Cà Phê Sữa', N'CFP', 25000)
;
INSERT THUCDON (ID, TEN, LOAI, GIA) VALUES (N'KMC', N'KEM MATCHA', N'FZ', 30000)
;
INSERT THUCDON (ID, TEN, LOAI, GIA) VALUES (N'KTC', N'BÁNH MÌ THỊT', N'B', 15000)
;
INSERT CHITIETHD (MAHD, MASP, SOLUONG, TONGTIEN) VALUES (9, N'BMT', 1, 15000)
;
INSERT CHITIETHD (MAHD, MASP, SOLUONG, TONGTIEN) VALUES (10, N'BMT', 1, 15000)
;
INSERT CHITIETHD (MAHD, MASP, SOLUONG, TONGTIEN) VALUES (10, N'KMC', 1, 30000)
;
INSERT CHITIETHD (MAHD, MASP, SOLUONG, TONGTIEN) VALUES (11, N'BMT', 1, 15000)
;
INSERT CHITIETHD (MAHD, MASP, SOLUONG, TONGTIEN) VALUES (12, N'CPD', 1, 20000)
;
INSERT CHITIETHD (MAHD, MASP, SOLUONG, TONGTIEN) VALUES (14, N'BMT', 1, 15000)
;
INSERT CHITIETHD (MAHD, MASP, SOLUONG, TONGTIEN) VALUES (15, N'BMT', 1, 15000)
;
INSERT CHITIETHD (MAHD, MASP, SOLUONG, TONGTIEN) VALUES (15, N'CPS', 1, 25000)
;
INSERT CHITIETHD (MAHD, MASP, SOLUONG, TONGTIEN) VALUES (16, N'BMT', 1, 15000)
;
INSERT CHITIETHD (MAHD, MASP, SOLUONG, TONGTIEN) VALUES (17, N'CPS', 1, 25000)
;
INSERT CHITIETHD (MAHD, MASP, SOLUONG, TONGTIEN) VALUES (18, N'BMT', 1, 15000)
;
INSERT CHITIETHD (MAHD, MASP, SOLUONG, TONGTIEN) VALUES (19, N'BMT', 1, 15000)
;
INSERT CHITIETHD (MAHD, MASP, SOLUONG, TONGTIEN) VALUES (19, N'CPD', 1, 20000)
;
INSERT CHITIETHD (MAHD, MASP, SOLUONG, TONGTIEN) VALUES (19, N'KMC', 2, 30000)
;
INSERT CHITIETHD (MAHD, MASP, SOLUONG, TONGTIEN) VALUES (20, N'CPD', 2, 40000)
;
INSERT CHITIETHD (MAHD, MASP, SOLUONG, TONGTIEN) VALUES (21, N'KMC', 4, 120000)
;
INSERT CHITIETHD (MAHD, MASP, SOLUONG, TONGTIEN) VALUES (22, N'BS', 1, 20000)
;
INSERT CHITIETHD (MAHD, MASP, SOLUONG, TONGTIEN) VALUES (23, N'BMT', 1, 15000)
;
INSERT CHITIETHD (MAHD, MASP, SOLUONG, TONGTIEN) VALUES (24, N'BMT', 1, 15000)
;
INSERT CHITIETHD (MAHD, MASP, SOLUONG, TONGTIEN) VALUES (26, N'CPD', 1, 20000)
;
INSERT CHITIETHD (MAHD, MASP, SOLUONG, TONGTIEN) VALUES (28, N'BMT', 1, 15000)
;
INSERT CHITIETHD (MAHD, MASP, SOLUONG, TONGTIEN) VALUES (29, N'BS', 1, 20000)
;
INSERT CHITIETHD (MAHD, MASP, SOLUONG, TONGTIEN) VALUES (30, N'BS', 1, 20000)
;
INSERT CHITIETHD (MAHD, MASP, SOLUONG, TONGTIEN) VALUES (31, N'BS', 1, 20000)
;
INSERT CHITIETHD (MAHD, MASP, SOLUONG, TONGTIEN) VALUES (32, N'BMT', 2, 15000)
;
INSERT CHITIETHD (MAHD, MASP, SOLUONG, TONGTIEN) VALUES (33, N'BMT', 1, 15000)
;
INSERT CHITIETHD (MAHD, MASP, SOLUONG, TONGTIEN) VALUES (34, N'BS', 1, 20000)
;
INSERT CHITIETHD (MAHD, MASP, SOLUONG, TONGTIEN) VALUES (34, N'KTC', 1, 10000)
;
INSERT CHITIETHD (MAHD, MASP, SOLUONG, TONGTIEN) VALUES (35, N'BMT', 1, 15000)
;
INSERT CHITIETHD (MAHD, MASP, SOLUONG, TONGTIEN) VALUES (36, N'BB', 1, 15000)
;
INSERT CHITIETHD (MAHD, MASP, SOLUONG, TONGTIEN) VALUES (37, N'BB', 1, 15000)
;
INSERT CHITIETHD (MAHD, MASP, SOLUONG, TONGTIEN) VALUES (38, N'BB', 1, 15000)
;
INSERT CHITIETHD (MAHD, MASP, SOLUONG, TONGTIEN) VALUES (39, N'BS', 1, 20000)
;
INSERT CHITIETHD (MAHD, MASP, SOLUONG, TONGTIEN) VALUES (40, N'BS', 1, 20000)
;
INSERT CHITIETHD (MAHD, MASP, SOLUONG, TONGTIEN) VALUES (41, N'BS', 1, 20000)
;
INSERT CHITIETHD (MAHD, MASP, SOLUONG, TONGTIEN) VALUES (42, N'BB', 1, 15000)
;
INSERT CHITIETHD (MAHD, MASP, SOLUONG, TONGTIEN) VALUES (43, N'CPD', 2, 40000)
;
INSERT CHITIETHD (MAHD, MASP, SOLUONG, TONGTIEN) VALUES (43, N'CPS', 3, 75000)
;
INSERT CHITIETHD (MAHD, MASP, SOLUONG, TONGTIEN) VALUES (44, N'BMT', 10, 150000)
;
INSERT CHITIETHD (MAHD, MASP, SOLUONG, TONGTIEN) VALUES (44, N'BS', 10, 300000)
;
